{
  "best_epoch": 0,
  "peak_cpu_memory_MB": 3191.196,
  "peak_gpu_0_memory_MB": 1074,
  "training_duration": "0:00:39.729896",
  "training_start_epoch": 0,
  "training_epochs": 0,
  "epoch": 0,
  "training_accuracy": 0.521419238624399,
  "training_coverage_loss": 0.5673884118304533,
  "training_nll_loss": 2.780104202382705,
  "training_total_loss": 3.3474926060321284,
  "training_loss": 3.3474926060321284,
  "training_cpu_memory_MB": 3191.196,
  "training_gpu_0_memory_MB": 1074,
  "validation_accuracy": 0.47100193660177353,
  "validation_coverage_loss": 0.5373847143990653,
  "validation_nll_loss": 4.307144505637033,
  "validation_total_loss": 4.844529220036098,
  "validation_loss": 4.844529220036098,
  "best_validation_accuracy": 0.47100193660177353,
  "best_validation_coverage_loss": 0.5373847143990653,
  "best_validation_nll_loss": 4.307144505637033,
  "best_validation_total_loss": 4.844529220036098,
  "best_validation_loss": 4.844529220036098
}