{
  "best_epoch": 37,
  "peak_cpu_memory_MB": 3450.196,
  "peak_gpu_0_memory_MB": 2720,
  "training_duration": "0:42:00.264020",
  "training_start_epoch": 0,
  "training_epochs": 68,
  "epoch": 68,
  "training_accuracy": 0.7962222983344116,
  "training_loss": 1.0661983980852014,
  "training_cpu_memory_MB": 3450.196,
  "training_gpu_0_memory_MB": 2720,
  "validation_accuracy": 0.5448985832229131,
  "validation_loss": 5.322513410023281,
  "best_validation_accuracy": 0.4269697278564876,
  "best_validation_loss": 4.400141750063215
}