{
  "best_epoch": 37,
  "peak_cpu_memory_MB": 3450.196,
  "peak_gpu_0_memory_MB": 2720,
  "training_duration": "0:43:49.957956",
  "training_start_epoch": 0,
  "training_epochs": 71,
  "epoch": 71,
  "training_accuracy": 0.8102776826375411,
  "training_loss": 0.9766236391721987,
  "training_cpu_memory_MB": 3450.196,
  "training_gpu_0_memory_MB": 2720,
  "validation_accuracy": 0.5394964835388849,
  "validation_loss": 5.492664950234549,
  "best_validation_accuracy": 0.4269697278564876,
  "best_validation_loss": 4.400141750063215
}