{
  "best_epoch": 37,
  "peak_cpu_memory_MB": 3450.192,
  "peak_gpu_0_memory_MB": 2720,
  "training_duration": "0:25:34.304898",
  "training_start_epoch": 0,
  "training_epochs": 41,
  "epoch": 41,
  "training_accuracy": 0.6378201468965254,
  "training_loss": 2.151752883312749,
  "training_cpu_memory_MB": 3450.192,
  "training_gpu_0_memory_MB": 2720,
  "validation_accuracy": 0.45204362450310875,
  "validation_loss": 4.57578318459647,
  "best_validation_accuracy": 0.4269697278564876,
  "best_validation_loss": 4.400141750063215
}