{
  "best_epoch": 37,
  "peak_cpu_memory_MB": 3450.196,
  "peak_gpu_0_memory_MB": 2720,
  "training_duration": "0:32:16.383350",
  "training_start_epoch": 0,
  "training_epochs": 52,
  "epoch": 52,
  "training_accuracy": 0.7092641219824688,
  "training_loss": 1.6288707677055807,
  "training_cpu_memory_MB": 3450.196,
  "training_gpu_0_memory_MB": 2720,
  "validation_accuracy": 0.5002548160228315,
  "validation_loss": 4.760679381234305,
  "best_validation_accuracy": 0.4269697278564876,
  "best_validation_loss": 4.400141750063215
}