{
  "best_epoch": 0,
  "peak_cpu_memory_MB": 3180.096,
  "peak_gpu_0_memory_MB": 1074,
  "training_duration": "0:00:36.911373",
  "training_start_epoch": 0,
  "training_epochs": 0,
  "epoch": 0,
  "training_accuracy": 0.048940137763062753,
  "training_loss": 5.978291352589925,
  "training_cpu_memory_MB": 3180.096,
  "training_gpu_0_memory_MB": 1074,
  "validation_accuracy": 0.0570787891142595,
  "validation_loss": 5.772347177777972,
  "best_validation_accuracy": 0.0570787891142595,
  "best_validation_loss": 5.772347177777972
}