{
  "best_epoch": 33,
  "peak_cpu_memory_MB": 3449.764,
  "peak_gpu_0_memory_MB": 2720,
  "training_duration": "0:21:18.605919",
  "training_start_epoch": 0,
  "training_epochs": 34,
  "epoch": 34,
  "training_accuracy": 0.5226624043840621,
  "training_loss": 2.6464416279512295,
  "training_cpu_memory_MB": 3449.764,
  "training_gpu_0_memory_MB": 2720,
  "validation_accuracy": 0.4115788400774641,
  "validation_loss": 4.545667375837054,
  "best_validation_accuracy": 0.3525634491896851,
  "best_validation_loss": 4.50268680708749
}