{
  "best_epoch": 37,
  "peak_cpu_memory_MB": 3450.192,
  "peak_gpu_0_memory_MB": 2720,
  "training_duration": "0:27:23.839326",
  "training_start_epoch": 0,
  "training_epochs": 44,
  "epoch": 44,
  "training_accuracy": 0.6514188580634522,
  "training_loss": 2.0423970806832408,
  "training_cpu_memory_MB": 3450.192,
  "training_gpu_0_memory_MB": 2720,
  "validation_accuracy": 0.4721231271022322,
  "validation_loss": 4.4426361833299906,
  "best_validation_accuracy": 0.4269697278564876,
  "best_validation_loss": 4.400141750063215
}