{
  "best_epoch": 33,
  "peak_cpu_memory_MB": 3449.764,
  "peak_gpu_0_memory_MB": 2720,
  "training_duration": "0:20:42.124353",
  "training_start_epoch": 0,
  "training_epochs": 33,
  "epoch": 33,
  "training_accuracy": 0.4977229770014334,
  "training_loss": 2.751081915462718,
  "training_cpu_memory_MB": 3449.764,
  "training_gpu_0_memory_MB": 2720,
  "validation_accuracy": 0.3525634491896851,
  "validation_loss": 4.50268680708749,
  "best_validation_accuracy": 0.3525634491896851,
  "best_validation_loss": 4.50268680708749
}