{
  "best_epoch": 33,
  "peak_cpu_memory_MB": 3449.764,
  "peak_gpu_0_memory_MB": 2720,
  "training_duration": "0:21:55.122461",
  "training_start_epoch": 0,
  "training_epochs": 35,
  "epoch": 35,
  "training_accuracy": 0.5494665804061853,
  "training_loss": 2.5405456762687835,
  "training_cpu_memory_MB": 3449.764,
  "training_gpu_0_memory_MB": 2720,
  "validation_accuracy": 0.40790948934869026,
  "validation_loss": 4.544988019125802,
  "best_validation_accuracy": 0.3525634491896851,
  "best_validation_loss": 4.50268680708749
}