{
  "best_epoch": 3,
  "peak_cpu_memory_MB": 3449.764,
  "peak_gpu_0_memory_MB": 2720,
  "training_duration": "0:02:26.580908",
  "training_start_epoch": 0,
  "training_epochs": 3,
  "epoch": 3,
  "training_accuracy": 0.0636932171353909,
  "training_loss": 5.241678985894895,
  "training_cpu_memory_MB": 3449.764,
  "training_gpu_0_memory_MB": 2720,
  "validation_accuracy": 0.06747528284578534,
  "validation_loss": 5.57385642187936,
  "best_validation_accuracy": 0.06747528284578534,
  "best_validation_loss": 5.57385642187936
}