{
  "best_epoch": 16,
  "peak_cpu_memory_MB": 3449.764,
  "peak_gpu_0_memory_MB": 2720,
  "training_duration": "0:10:21.150769",
  "training_start_epoch": 0,
  "training_epochs": 16,
  "epoch": 16,
  "training_accuracy": 0.1911303928657508,
  "training_loss": 3.8449632046269437,
  "training_cpu_memory_MB": 3449.764,
  "training_gpu_0_memory_MB": 2720,
  "validation_accuracy": 0.1661400468861482,
  "validation_loss": 4.793023926871164,
  "best_validation_accuracy": 0.1661400468861482,
  "best_validation_loss": 4.793023926871164
}