{
  "best_epoch": 25,
  "peak_cpu_memory_MB": 3449.764,
  "peak_gpu_0_memory_MB": 2720,
  "training_duration": "0:15:49.817451",
  "training_start_epoch": 0,
  "training_epochs": 25,
  "epoch": 25,
  "training_accuracy": 0.33496974540472657,
  "training_loss": 3.3130241141599766,
  "training_cpu_memory_MB": 3449.764,
  "training_gpu_0_memory_MB": 2720,
  "validation_accuracy": 0.28447660788910406,
  "validation_loss": 4.68647187096732,
  "best_validation_accuracy": 0.28447660788910406,
  "best_validation_loss": 4.68647187096732
}