{
  "best_epoch": 1,
  "peak_cpu_memory_MB": 3449.292,
  "peak_gpu_0_memory_MB": 2720,
  "training_duration": "0:01:13.440219",
  "training_start_epoch": 0,
  "training_epochs": 1,
  "epoch": 1,
  "training_accuracy": 0.05430604711344522,
  "training_loss": 5.519571753109203,
  "training_cpu_memory_MB": 3449.292,
  "training_gpu_0_memory_MB": 2720,
  "validation_accuracy": 0.0586076852512486,
  "validation_loss": 5.71540185383388,
  "best_validation_accuracy": 0.0586076852512486,
  "best_validation_loss": 5.71540185383388
}