{
  "best_epoch": 37,
  "peak_cpu_memory_MB": 3450.192,
  "peak_gpu_0_memory_MB": 2720,
  "training_duration": "0:30:26.479210",
  "training_start_epoch": 0,
  "training_epochs": 49,
  "epoch": 49,
  "training_accuracy": 0.7004731641105656,
  "training_loss": 1.736766261212966,
  "training_cpu_memory_MB": 3450.192,
  "training_gpu_0_memory_MB": 2720,
  "validation_accuracy": 0.5167668943023137,
  "validation_loss": 4.52487656048366,
  "best_validation_accuracy": 0.4269697278564876,
  "best_validation_loss": 4.400141750063215
}