{
  "best_epoch": 27,
  "peak_cpu_memory_MB": 3449.764,
  "peak_gpu_0_memory_MB": 2720,
  "training_duration": "0:17:02.883095",
  "training_start_epoch": 0,
  "training_epochs": 27,
  "epoch": 27,
  "training_accuracy": 0.3499511613451561,
  "training_loss": 3.2627857245650946,
  "training_cpu_memory_MB": 3449.764,
  "training_gpu_0_memory_MB": 2720,
  "validation_accuracy": 0.3107736214453165,
  "validation_loss": 4.577526875904629,
  "best_validation_accuracy": 0.3107736214453165,
  "best_validation_loss": 4.577526875904629
}