{
  "best_epoch": 37,
  "peak_cpu_memory_MB": 3450.192,
  "peak_gpu_0_memory_MB": 2720,
  "training_duration": "0:29:13.422819",
  "training_start_epoch": 0,
  "training_epochs": 47,
  "epoch": 47,
  "training_accuracy": 0.6815212289581509,
  "training_loss": 1.869066647454804,
  "training_cpu_memory_MB": 3450.192,
  "training_gpu_0_memory_MB": 2720,
  "validation_accuracy": 0.49424115788400774,
  "validation_loss": 4.479197808674404,
  "best_validation_accuracy": 0.4269697278564876,
  "best_validation_loss": 4.400141750063215
}