{
  "best_epoch": 7,
  "peak_cpu_memory_MB": 3449.764,
  "peak_gpu_0_memory_MB": 2720,
  "training_duration": "0:04:52.638322",
  "training_start_epoch": 0,
  "training_epochs": 7,
  "epoch": 7,
  "training_accuracy": 0.09886973398789817,
  "training_loss": 4.451520517760632,
  "training_cpu_memory_MB": 3449.764,
  "training_gpu_0_memory_MB": 2720,
  "validation_accuracy": 0.09662623585771073,
  "validation_loss": 5.034425258636475,
  "best_validation_accuracy": 0.09662623585771073,
  "best_validation_loss": 5.034425258636475
}