{
  "best_epoch": 11,
  "peak_cpu_memory_MB": 3449.764,
  "peak_gpu_0_memory_MB": 2720,
  "training_duration": "0:07:18.668485",
  "training_start_epoch": 0,
  "training_epochs": 11,
  "epoch": 11,
  "training_accuracy": 0.12640966117390368,
  "training_loss": 4.206502278645833,
  "training_cpu_memory_MB": 3449.764,
  "training_gpu_0_memory_MB": 2720,
  "validation_accuracy": 0.11935582509428193,
  "validation_loss": 4.823198727199009,
  "best_validation_accuracy": 0.11935582509428193,
  "best_validation_loss": 4.823198727199009
}