{
  "best_epoch": 17,
  "peak_cpu_memory_MB": 3449.764,
  "peak_gpu_0_memory_MB": 2720,
  "training_duration": "0:12:10.657163",
  "training_start_epoch": 0,
  "training_epochs": 19,
  "epoch": 19,
  "training_accuracy": 0.2336390506272913,
  "training_loss": 3.6830052908729103,
  "training_cpu_memory_MB": 3449.764,
  "training_gpu_0_memory_MB": 2720,
  "validation_accuracy": 0.16399959229436348,
  "validation_loss": 5.073811258588519,
  "best_validation_accuracy": 0.16766894302313728,
  "best_validation_loss": 4.789640358516148
}