{
  "best_epoch": 33,
  "peak_cpu_memory_MB": 3449.764,
  "peak_gpu_0_memory_MB": 2720,
  "training_duration": "0:22:31.619595",
  "training_start_epoch": 0,
  "training_epochs": 36,
  "epoch": 36,
  "training_accuracy": 0.55610102624602,
  "training_loss": 2.506611599641688,
  "training_cpu_memory_MB": 3449.764,
  "training_gpu_0_memory_MB": 2720,
  "validation_accuracy": 0.38202018142900823,
  "validation_loss": 4.565652711050851,
  "best_validation_accuracy": 0.3525634491896851,
  "best_validation_loss": 4.50268680708749
}