{
  "best_epoch": 10,
  "peak_cpu_memory_MB": 3449.764,
  "peak_gpu_0_memory_MB": 2720,
  "training_duration": "0:06:42.172876",
  "training_start_epoch": 0,
  "training_epochs": 10,
  "epoch": 10,
  "training_accuracy": 0.1246337100886707,
  "training_loss": 4.2095923330269605,
  "training_cpu_memory_MB": 3449.764,
  "training_gpu_0_memory_MB": 2720,
  "validation_accuracy": 0.11874426663948628,
  "validation_loss": 4.90529761995588,
  "best_validation_accuracy": 0.11874426663948628,
  "best_validation_loss": 4.90529761995588
}