{
  "best_epoch": 17,
  "peak_cpu_memory_MB": 3449.764,
  "peak_gpu_0_memory_MB": 2720,
  "training_duration": "0:10:57.680440",
  "training_start_epoch": 0,
  "training_epochs": 17,
  "epoch": 17,
  "training_accuracy": 0.22336390506272913,
  "training_loss": 3.719843640046961,
  "training_cpu_memory_MB": 3449.764,
  "training_gpu_0_memory_MB": 2720,
  "validation_accuracy": 0.16766894302313728,
  "validation_loss": 4.789640358516148,
  "best_validation_accuracy": 0.16766894302313728,
  "best_validation_loss": 4.789640358516148
}