{
  "best_epoch": 37,
  "peak_cpu_memory_MB": 3450.196,
  "peak_gpu_0_memory_MB": 2720,
  "training_duration": "0:34:42.301461",
  "training_start_epoch": 0,
  "training_epochs": 56,
  "epoch": 56,
  "training_accuracy": 0.725869264629397,
  "training_loss": 1.4819690561762042,
  "training_cpu_memory_MB": 3450.196,
  "training_gpu_0_memory_MB": 2720,
  "validation_accuracy": 0.49434308429314033,
  "validation_loss": 4.695249659674508,
  "best_validation_accuracy": 0.4269697278564876,
  "best_validation_loss": 4.400141750063215
}