{
  "best_epoch": 11,
  "peak_cpu_memory_MB": 3449.764,
  "peak_gpu_0_memory_MB": 2720,
  "training_duration": "0:09:44.683242",
  "training_start_epoch": 0,
  "training_epochs": 15,
  "epoch": 15,
  "training_accuracy": 0.17623777447958291,
  "training_loss": 3.8976052228142235,
  "training_cpu_memory_MB": 3449.764,
  "training_gpu_0_memory_MB": 2720,
  "validation_accuracy": 0.1464682499235552,
  "validation_loss": 4.823806149618966,
  "best_validation_accuracy": 0.11935582509428193,
  "best_validation_loss": 4.823198727199009
}