{
  "best_epoch": 37,
  "peak_cpu_memory_MB": 3450.196,
  "peak_gpu_0_memory_MB": 2720,
  "training_duration": "0:42:36.745412",
  "training_start_epoch": 0,
  "training_epochs": 69,
  "epoch": 69,
  "training_accuracy": 0.8016008930496886,
  "training_loss": 1.0275157508896846,
  "training_cpu_memory_MB": 3450.196,
  "training_gpu_0_memory_MB": 2720,
  "validation_accuracy": 0.5470390378146978,
  "validation_loss": 5.203237056732178,
  "best_validation_accuracy": 0.4269697278564876,
  "best_validation_loss": 4.400141750063215
}