{
  "best_epoch": 5,
  "peak_cpu_memory_MB": 3455.54,
  "peak_gpu_0_memory_MB": 2720,
  "training_duration": "0:04:17.876075",
  "training_start_epoch": 0,
  "training_epochs": 6,
  "epoch": 6,
  "training_accuracy": 0.07847166723750809,
  "training_loss": 4.745264997669294,
  "training_cpu_memory_MB": 3455.54,
  "training_gpu_0_memory_MB": 2720,
  "validation_accuracy": 0.08052186321475895,
  "validation_loss": 5.261211463383266,
  "best_validation_accuracy": 0.07308123534807869,
  "best_validation_loss": 5.254388741084507
}